{
    "distilbert_finetuned": {
        "accuracy": 0.9550561797752809,
        "macro_f1": 0.9575590508128599,
        "per_class": {
            "safe": {
                "precision": 1.0,
                "recall": 0.9130434782608695,
                "f1": 0.9545454545454546
            },
            "jailbreak": {
                "precision": 0.9090909090909091,
                "recall": 0.9523809523809523,
                "f1": 0.9302325581395349
            },
            "injection": {
                "precision": 1.0,
                "recall": 1.0,
                "f1": 1.0
            },
            "toxic": {
                "precision": 0.8823529411764706,
                "recall": 1.0,
                "f1": 0.9375
            },
            "pii": {
                "precision": 1.0,
                "recall": 0.9333333333333333,
                "f1": 0.9655172413793104
            }
        }
    },
    "keyword_baseline": {
        "accuracy": 0.34831460674157305,
        "macro_f1": 0.25831065809501935,
        "per_class": {
            "safe": {
                "precision": 0.2948717948717949,
                "recall": 1.0,
                "f1": 0.45544554455445546
            },
            "jailbreak": {
                "precision": 1.0,
                "recall": 0.09523809523809523,
                "f1": 0.17391304347826086
            },
            "injection": {
                "precision": 1.0,
                "recall": 0.13333333333333333,
                "f1": 0.23529411764705882
            },
            "toxic": {
                "precision": 0.75,
                "recall": 0.2,
                "f1": 0.3157894736842105
            },
            "pii": {
                "precision": 0.3333333333333333,
                "recall": 0.06666666666666667,
                "f1": 0.1111111111111111
            }
        }
    },
    "pretrained_baseline": {
        "accuracy": 0.8764044943820225,
        "f1_toxic_class": 0.42105263157894735,
        "note": "Evaluated only as binary toxic/safe"
    }
}