{
    "distilbert_finetuned": {
        "avg_ms": 32.099779355339706,
        "p95_ms": 36.62195835349848,
        "p99_ms": 40.42564751725875,
        "min_ms": 24.76354199461639,
        "max_ms": 42.911708005703986
    },
    "keyword_baseline": {
        "avg_ms": 0.006764149438822642,
        "p95_ms": 0.008627028728369623,
        "p99_ms": 0.009501235326752065,
        "min_ms": 0.00462500611320138,
        "max_ms": 0.01016599708236754
    },
    "pretrained_baseline": {
        "avg_ms": 16.989076063764514,
        "p95_ms": 20.358912216033787,
        "p99_ms": 22.73271550977369,
        "min_ms": 14.376667008036748,
        "max_ms": 62.241624982561916
    }
}