{
    "distilbert_finetuned": {
        "avg_ms": 28.099533359054476,
        "p95_ms": 32.444807708088774,
        "p99_ms": 39.476433398958754,
        "min_ms": 24.02912499383092,
        "max_ms": 71.64224999723956
    },
    "keyword_baseline": {
        "avg_ms": 0.004142709804000333,
        "p95_ms": 0.005249983223620802,
        "p99_ms": 0.005752104625571517,
        "min_ms": 0.0029999937396496534,
        "max_ms": 0.006457994459196925
    },
    "pretrained_baseline": {
        "avg_ms": 13.798753709706943,
        "p95_ms": 16.229878542071674,
        "p99_ms": 19.623715507332204,
        "min_ms": 11.847832996863872,
        "max_ms": 44.09241702524014
    }
}