{
    "thresholds": [
        0.1,
        0.2,
        0.3,
        0.4,
        0.5,
        0.6,
        0.7,
        0.8,
        0.9
    ],
    "recall": [
        1.0,
        1.0,
        1.0,
        1.0,
        1.0,
        0.9848484848484849,
        0.9696969696969697,
        0.9696969696969697,
        0.9545454545454546
    ],
    "fpr": [
        0.08695652173913043,
        0.08695652173913043,
        0.08695652173913043,
        0.08695652173913043,
        0.08695652173913043,
        0.08695652173913043,
        0.08695652173913043,
        0.0,
        0.0
    ]
}