epoch,train_loss,eval_loss,eval_accuracy,eval_f1
1,1.5715,1.4340664148330688,0.449438202247191,0.35758186213464216
2,1.0758,0.581667423248291,0.9325842696629213,0.9406891024533817
3,0.3589,0.1984565556049347,0.9438202247191011,0.951766838846509
4,0.0977,0.09828966856002808,0.9775280898876404,0.9798063152151674
5,0.0346,0.07010078430175781,0.9887640449438202,0.9909043927648579
6,0.0164,0.06357859820127487,0.9887640449438202,0.9909043927648579
7,0.0121,0.058074649423360825,0.9887640449438202,0.9909043927648579
8,0.0097,0.06382928043603897,0.9887640449438202,0.9909043927648579
